Date,Name,Year,Letterboxd URI,Rating,Average Rating,Length (mins)
2020-08-07,Inception,2010,https://boxd.it/1skk,4.0,4.19,148.0
2020-08-07,Joker,2019,https://boxd.it/h4cS,3.5,3.84,122.0
2020-08-07,Fight Club,1999,https://boxd.it/2a9q,3.5,4.27,139.0
2020-08-07,Spirited Away,2001,https://boxd.it/2b4m,2.5,4.45,125.0
2020-08-07,Inglourious Basterds,2009,https://boxd.it/1JzG,4.0,4.34,153.0
2020-08-07,Baby Driver,2017,https://boxd.it/bhF2,3.0,3.72,113.0
2020-08-07,1917,2019,https://boxd.it/jj4y,4.0,4.11,119.0
2020-08-07,Django Unchained,2012,https://boxd.it/2cCk,5.0,4.27,165.0
2020-08-07,Arrival,2016,https://boxd.it/aNGk,3.5,4.12,116.0
2020-08-07,Avengers: Endgame,2019,https://boxd.it/9vE4,4.5,3.87,181.0
2020-08-07,Shutter Island,2010,https://boxd.it/1U82,5.0,4.11,138.0
2020-08-07,Forrest Gump,1994,https://boxd.it/728,3.0,4.13,142.0
2020-08-07,The Empire Strikes Back,1980,https://boxd.it/27Vw,4.0,4.41,124.0
2020-08-07,The Breakfast Club,1985,https://boxd.it/27q4,3.5,3.76,98.0
2020-08-07,The Dark Knight Rises,2012,https://boxd.it/H3m,2.5,3.74,165.0
2020-08-07,Howl's Moving Castle,2004,https://boxd.it/23De,2.5,4.32,119.0
2020-08-07,Schindler's List,1993,https://boxd.it/2aq2,3.5,4.52,195.0
2020-08-07,Harry Potter and the Prisoner of Azkaban,2004,https://boxd.it/29Qy,4.0,4.09,141.0
2020-08-07,Titanic,1997,https://boxd.it/2a2k,3.0,3.81,194.0
2020-08-07,Batman Begins,2005,https://boxd.it/2aIg,3.5,3.8,140.0
2020-08-07,The Perks of Being a Wallflower,2012,https://boxd.it/2ZA8,4.0,3.92,103.0
2020-08-07,Kill Bill: Vol. 1,2003,https://boxd.it/70w,3.0,4.19,111.0
2020-08-07,Star Wars: The Last Jedi,2017,https://boxd.it/5xme,2.0,2.97,152.0
2020-08-07,Deadpool,2016,https://boxd.it/9fOC,3.5,3.67,108.0
2020-08-07,Spider-Man: Homecoming,2017,https://boxd.it/aboM,3.5,3.47,133.0
2020-08-07,The Avengers,2012,https://boxd.it/1xFW,4.0,3.64,143.0
2020-08-07,Logan,2017,https://boxd.it/7Piy,3.5,4.1,137.0
2020-08-07,Star Wars: The Rise of Skywalker,2019,https://boxd.it/5xlK,1.0,2.36,142.0
2020-08-07,Spider-Man: Far From Home,2019,https://boxd.it/fegG,3.5,3.37,129.0
2020-08-07,The Hateful Eight,2015,https://boxd.it/8gw8,3.5,3.94,188.0
2020-08-07,Iron Man,2008,https://boxd.it/28dA,3.0,3.69,126.0
2020-08-07,The Incredibles,2004,https://boxd.it/1XLm,3.0,4.07,115.0
2020-08-07,Toy Story 4,2019,https://boxd.it/9ALu,3.5,3.42,100.0
2020-08-07,Kingsman: The Secret Service,2014,https://boxd.it/6dxe,4.5,3.72,129.0
2020-08-07,Pan's Labyrinth,2006,https://boxd.it/28No,2.5,4.16,118.0
2020-08-07,Kill Bill: Vol. 2,2004,https://boxd.it/2au4,3.5,4.06,136.0
2020-08-07,Toy Story 3,2010,https://boxd.it/1WRe,3.0,3.99,103.0
2020-08-07,Ready Player One,2018,https://boxd.it/aZes,2.0,3.24,140.0
2020-08-07,Raiders of the Lost Ark,1981,https://boxd.it/2bbs,3.0,4.16,115.0
2020-08-07,Star Wars: Episode III – Revenge of the Sith,2005,https://boxd.it/27US,3.5,3.8,140.0
2020-08-07,Star Wars: Episode I – The Phantom Menace,1999,https://boxd.it/27Vc,2.0,2.88,136.0
2020-08-07,Ferris Bueller's Day Off,1986,https://boxd.it/1YPY,3.0,3.93,103.0
2020-08-07,The Disaster Artist,2017,https://boxd.it/cTqc,3.5,3.56,104.0
2020-08-07,Harry Potter and the Goblet of Fire,2005,https://boxd.it/29Qo,3.0,3.8,157.0
2020-08-07,Hot Fuzz,2007,https://boxd.it/2416,5.0,4.08,121.0
2020-08-07,Dead Poets Society,1989,https://boxd.it/2aSg,3.5,4.25,128.0
2020-08-07,Harry Potter and the Deathly Hallows: Part 1,2010,https://boxd.it/1RYu,3.5,3.69,146.0
2020-08-07,Skyfall,2012,https://boxd.it/17Fc,3.5,3.9,143.0
2020-08-07,12 Angry Men,1957,https://boxd.it/2auI,3.5,4.62,97.0
2020-08-07,Mission: Impossible – Fallout,2018,https://boxd.it/bSVc,5.0,3.96,147.0
2020-08-07,Full Metal Jacket,1987,https://boxd.it/2a1Q,2.5,4.2,117.0
2020-08-07,Okja,2017,https://boxd.it/dvXe,2.0,3.7,122.0
2020-08-07,V for Vendetta,2005,https://boxd.it/29Ik,3.5,3.84,132.0
2020-08-07,X-Men: Days of Future Past,2014,https://boxd.it/4aRw,3.5,3.62,132.0
2020-08-07,Casablanca,1942,https://boxd.it/2aG0,2.0,4.27,102.0
2020-08-07,Citizen Kane,1941,https://boxd.it/71O,2.0,4.21,119.0
2020-08-07,Groundhog Day,1993,https://boxd.it/2b3e,3.0,3.83,101.0
2020-08-07,The Ballad of Buster Scruggs,2018,https://boxd.it/jB2q,3.5,3.65,132.0
2020-08-07,Back to the Future Part II,1989,https://boxd.it/2aYI,4.0,3.87,108.0
2020-08-07,The Exorcist,1973,https://boxd.it/1Yoo,1.5,3.99,122.0
2020-08-07,The Hangover,2009,https://boxd.it/1GjK,3.0,3.6,100.0
2020-08-07,Looper,2012,https://boxd.it/ham,3.5,3.56,118.0
2020-08-07,Casino Royale,2006,https://boxd.it/1alk,4.5,4.0,144.0
2020-08-07,Now You See Me,2013,https://boxd.it/2Bsu,3.0,3.31,116.0
2020-08-07,X-Men: Apocalypse,2016,https://boxd.it/7eJi,2.0,2.58,144.0
2020-08-07,Men in Black,1997,https://boxd.it/2a0I,3.0,3.64,98.0
2020-08-07,Fantastic Beasts: The Crimes of Grindelwald,2018,https://boxd.it/bg8G,1.0,2.56,134.0
2020-08-07,Pirates of the Caribbean: Dead Man's Chest,2006,https://boxd.it/2bfk,3.0,3.61,151.0
2020-08-07,I Am Legend,2007,https://boxd.it/21DG,2.5,3.37,101.0
2020-08-07,"O Brother, Where Art Thou?",2000,https://boxd.it/2b3I,1.0,3.94,107.0
2020-08-07,X-Men,2000,https://boxd.it/1a7s,3.0,3.32,104.0
2020-08-07,Back to the Future Part III,1990,https://boxd.it/2aTS,3.0,3.52,119.0
2020-08-07,Pirates of the Caribbean: At World's End,2007,https://boxd.it/2aGu,3.0,3.41,169.0
2020-08-07,Moulin Rouge!,2001,https://boxd.it/29wI,2.0,3.74,128.0
2020-08-07,The Room,2003,https://boxd.it/1ICY,2.0,2.6,99.0
2020-08-07,Life of Brian,1979,https://boxd.it/2a4q,3.5,3.97,94.0
2020-08-07,"The Chronicles of Narnia: The Lion, the Witch and the Wardrobe",2005,https://boxd.it/2ark,3.0,3.5,143.0
2020-08-07,The Bourne Identity,2002,https://boxd.it/26EO,2.5,3.72,119.0
2020-08-07,Top Gun,1986,https://boxd.it/29JC,2.5,3.36,110.0
2020-08-07,X-Men Origins: Wolverine,2009,https://boxd.it/27ug,2.5,2.34,107.0
2020-08-07,Pirates of the Caribbean: On Stranger Tides,2011,https://boxd.it/27Z4,2.0,2.78,137.0
2020-08-07,To Kill a Mockingbird,1962,https://boxd.it/2a2E,2.5,4.08,129.0
2020-08-07,The Adventures of Tintin,2011,https://boxd.it/1Irc,2.5,3.58,107.0
2020-08-07,Notting Hill,1999,https://boxd.it/2aeK,3.0,3.62,124.0
2020-08-07,The Blues Brothers,1980,https://boxd.it/2adi,3.5,3.97,133.0
2020-08-07,Black Mirror: San Junipero,2016,https://boxd.it/k4aS,3.5,4.14,61.0
2020-08-07,Hannibal,2001,https://boxd.it/1XVc,3.0,3.21,131.0
2020-08-07,The Last Samurai,2003,https://boxd.it/29ZA,2.5,3.67,154.0
2020-08-07,Spy Kids,2001,https://boxd.it/1Xcw,3.5,2.92,88.0
2020-08-07,A Few Good Men,1992,https://boxd.it/29nw,2.5,3.97,138.0
2020-08-07,The Last Airbender,2010,https://boxd.it/1WQK,0.5,1.07,103.0
2020-08-07,The Great Escape,1963,https://boxd.it/22kA,2.5,4.13,173.0
2020-08-07,Das Boot,1981,https://boxd.it/2av2,1.0,4.28,150.0
2020-08-07,Red Dragon,2002,https://boxd.it/1Yrs,2.0,3.38,124.0
2020-08-07,The Chronicles of Narnia: Prince Caspian,2008,https://boxd.it/26Hy,2.5,3.04,150.0
2020-08-07,Mortal Engines,2018,https://boxd.it/fahg,1.0,2.45,129.0
2020-08-07,Star Wars: The Force Awakens,2015,https://boxd.it/4vru,3.5,3.31,136.0
2020-08-07,Léon: The Professional,1994,https://boxd.it/2b8S,1.5,4.03,111.0
2020-08-07,The Great Gatsby,2013,https://boxd.it/JY,3.0,3.38,143.0
2020-08-07,The Hobbit: An Unexpected Journey,2012,https://boxd.it/GZk,2.0,3.46,169.0
2020-08-07,The Green Mile,1999,https://boxd.it/2agG,3.0,4.22,189.0
2020-08-07,Les Misérables,2012,https://boxd.it/2TT4,3.0,3.57,158.0
2020-08-07,Big Fish,2003,https://boxd.it/2a3M,1.5,3.89,125.0
2020-08-07,It's a Wonderful Life,1946,https://boxd.it/28xA,1.5,4.39,130.0
2020-08-07,127 Hours,2010,https://boxd.it/SLa,2.0,3.49,94.0
2020-08-07,Rain Man,1988,https://boxd.it/2avw,1.5,3.87,134.0
2020-08-07,Pirates of the Caribbean: Dead Men Tell No Tales,2017,https://boxd.it/5a9m,1.0,2.62,128.0
2020-08-07,The Mummy,1999,https://boxd.it/2a7a,3.0,3.52,124.0
2020-08-07,Sherlock Holmes: A Game of Shadows,2011,https://boxd.it/k3S,3.0,3.29,129.0
2020-08-07,Now You See Me 2,2016,https://boxd.it/99fw,1.5,2.93,129.0
2020-08-07,Point Break,1991,https://boxd.it/2958,2.0,3.73,122.0
2020-08-07,Sing,2016,https://boxd.it/b5EQ,0.5,3.03,108.0
2020-08-07,Ender's Game,2013,https://boxd.it/2N9Y,3.0,2.76,114.0
2020-08-07,Grave of the Fireflies,1988,https://boxd.it/1RUM,1.5,4.45,89.0
2020-08-07,Princess Mononoke,1997,https://boxd.it/2b4w,2.0,4.37,134.0
2020-08-07,Kill Bill: The Whole Bloody Affair,2006,https://boxd.it/eCrQ,4.0,4.33,247.0
2020-08-07,Les Misérables: The Staged Concert,2019,https://boxd.it/oi2c,4.0,4.08,180.0
2020-08-07,Twisted: The Untold Story of a Royal Vizier,2013,https://boxd.it/73Gi,3.0,4.2,133.0
2020-08-07,Sherlock: A Study in Pink,2010,https://boxd.it/mueU,4.0,4.17,88.0
2020-08-07,Bo Burnham: What.,2013,https://boxd.it/7au4,3.5,4.04,60.0
2020-08-07,Sherlock: A Scandal in Belgravia,2012,https://boxd.it/mwHE,3.5,4.11,89.0
2020-08-07,Sherlock: The Great Game,2010,https://boxd.it/mwRa,4.0,4.13,89.0
2020-08-07,Amélie,2001,https://boxd.it/2aUc,1.5,4.16,122.0
2020-08-07,Au Revoir les Enfants,1987,https://boxd.it/288U,2.0,4.18,105.0
2020-08-07,Ex Machina,2015,https://boxd.it/7T2k,3.5,3.99,108.0
2020-08-07,La La Land,2016,https://boxd.it/a5fa,3.0,4.08,129.0
2020-08-07,Gladiator,2000,https://boxd.it/2b9m,3.5,4.1,155.0
2020-08-07,Watchmen: Motion Comic,2008,https://boxd.it/84Dc,4.0,4.08,300.0
2020-08-07,Rebooted,2019,https://boxd.it/nhco,2.0,3.82,13.0
2020-08-07,Doctor Who: The Night of the Doctor,2013,https://boxd.it/eti6,3.0,3.89,7.0
2020-08-07,Black Mirror: Shut Up and Dance,2016,https://boxd.it/hRRq,3.5,4.09,52.0
2020-08-07,The Departed,2006,https://boxd.it/28MA,3.5,4.3,151.0
2020-08-07,North by Northwest,1959,https://boxd.it/2aRM,2.0,4.19,136.0
2020-08-08,The Godfather Part II,1974,https://boxd.it/2aNq,2.5,4.59,202.0
2020-08-08,The Usual Suspects,1995,https://boxd.it/29XE,3.0,4.06,106.0
2020-08-08,Happy Gilmore,1996,https://boxd.it/1Yey,2.0,3.36,92.0
2020-08-08,Ocean's Eleven,2001,https://boxd.it/2aZm,2.0,3.89,116.0
2020-08-08,Robin Hood: Men in Tights,1993,https://boxd.it/20H8,1.5,3.23,104.0
2020-08-08,Wonder Woman,2017,https://boxd.it/9roG,2.5,3.27,141.0
2020-08-08,War of the Worlds,2005,https://boxd.it/2bde,3.0,3.28,117.0
2020-08-08,National Treasure,2004,https://boxd.it/27x0,3.0,3.26,131.0
2020-08-08,Men in Black II,2002,https://boxd.it/2a0y,1.5,2.94,88.0
2020-08-22,This Is Spinal Tap,1984,https://boxd.it/1UOs,2.0,3.95,82.0
2020-08-23,Amadeus,1984,https://boxd.it/2aH8,4.0,4.32,161.0
2020-08-23,The Dark Knight,2008,https://boxd.it/2b0k,4.0,4.47,152.0
2020-08-23,Lady Bird,2017,https://boxd.it/dGNE,2.0,3.85,94.0
2020-08-24,WALL·E,2008,https://boxd.it/1VEo,3.0,4.19,98.0
2020-08-31,Lawrence of Arabia,1962,https://boxd.it/2wRE,1.5,4.36,228.0
2020-09-15,Memento,2000,https://boxd.it/2bcK,3.0,4.17,113.0
2020-09-15,Bāhubali: The Beginning,2015,https://boxd.it/7y2y,4.0,3.46,159.0
2020-09-16,Bāhubali 2: The Conclusion,2017,https://boxd.it/bMfO,4.0,3.76,166.0
2020-09-22,Breakfast at Tiffany's,1961,https://boxd.it/2aYS,1.5,3.75,115.0
2020-09-29,The Shape of Water,2017,https://boxd.it/dZ5m,1.0,3.67,123.0
2020-10-09,We're the Millers,2013,https://boxd.it/4srQ,3.0,3.23,110.0
2020-10-12,Enola Holmes,2020,https://boxd.it/hX2o,2.0,3.06,123.0
2020-10-14,"Three Billboards Outside Ebbing, Missouri",2017,https://boxd.it/ceBS,2.5,4.03,115.0
2020-10-14,Good Omens,2019,https://boxd.it/jUOI,3.5,4.18,326.0
2020-10-14,Doctor Who: The Waters of Mars,2009,https://boxd.it/8Hae,3.0,3.96,62.0
2020-10-14,Doctor Who: A Christmas Carol,2010,https://boxd.it/abn0,3.5,3.75,62.0
2020-10-19,The Greatest Showman,2017,https://boxd.it/acjI,2.0,3.36,105.0
2020-10-29,Hush,2016,https://boxd.it/d5ys,3.0,3.21,82.0
2020-10-30,Coraline,2009,https://boxd.it/1NhQ,2.0,4.14,100.0
2020-10-30,The World's End,2013,https://boxd.it/3EiO,3.0,3.62,109.0
2020-10-30,X-Men: The Last Stand,2006,https://boxd.it/1a5Q,2.5,2.59,104.0
2020-11-10,Hamilton,2020,https://boxd.it/kmvE,4.0,4.17,160.0
2020-12-05,Love Actually,2003,https://boxd.it/2aeU,4.0,3.44,135.0
2020-12-12,Nativity!,2009,https://boxd.it/FRa,1.0,3.45,105.0
2021-01-21,Pirates of the Caribbean: The Curse of the Black Pearl,2003,https://boxd.it/70G,4.5,3.91,143.0
2021-02-01,Stardust,2007,https://boxd.it/272w,5.0,3.59,127.0
2021-02-12,X-Men: First Class,2011,https://boxd.it/FOA,3.5,3.56,132.0
2021-02-17,The New Mutants,2020,https://boxd.it/bjle,1.0,2.12,94.0
2021-02-17,The Simpsons Movie,2007,https://boxd.it/6YU,2.5,3.44,87.0
2021-03-15,WandaVision,2021,https://boxd.it/sbGW,4.0,3.75,350.0
2021-03-15,Enter the Dragon,1973,https://boxd.it/1YCA,2.0,3.81,102.0
2021-03-15,American Psycho,2000,https://boxd.it/28Vs,2.0,3.86,102.0
2021-03-23,Murder on the Orient Express,2017,https://boxd.it/dHjA,3.0,3.05,114.0
2021-03-29,Zodiac,2007,https://boxd.it/27MO,3.5,4.02,163.0
2021-04-01,The Social Network,2010,https://boxd.it/17ue,3.0,3.95,121.0
2021-04-04,Little Miss Sunshine,2006,https://boxd.it/29EW,3.5,4.17,102.0
2021-04-05,"Good Morning, Vietnam",1987,https://boxd.it/29Aq,3.0,3.67,121.0
2021-05-01,Bo Burnham: Make Happy,2016,https://boxd.it/e436,3.5,4.19,60.0
2021-05-04,Parasite,2019,https://boxd.it/hTha,5.0,4.56,133.0
2021-05-04,Coco,2017,https://boxd.it/bYJQ,4.5,4.12,105.0
2021-05-04,Palm Springs,2020,https://boxd.it/lCXQ,3.5,3.76,90.0
2021-05-04,Get Out,2017,https://boxd.it/eOCm,4.0,4.16,104.0
2021-05-09,Harry Potter and the Chamber of Secrets,2002,https://boxd.it/29QI,2.5,3.58,161.0
2021-05-09,The Truman Show,1998,https://boxd.it/18U8,3.5,4.21,103.0
2021-05-12,Avengers: Infinity War,2018,https://boxd.it/9vEe,5.0,3.96,149.0
2021-05-14,Peter Pan Goes Wrong,2016,https://boxd.it/fkU8,5.0,4.08,65.0
2021-05-16,Tag,2018,https://boxd.it/gh7Y,1.5,2.97,100.0
2021-05-17,Knives Out,2019,https://boxd.it/jWEA,5.0,3.99,131.0
2021-05-28,A Quiet Place Part II,2020,https://boxd.it/iTx0,3.0,3.44,96.0
2021-05-28,A Quiet Place,2018,https://boxd.it/fVJQ,3.0,3.65,91.0
2021-06-01,Bo Burnham: Inside,2021,https://boxd.it/v2uy,4.0,4.2,87.0
2021-06-05,The Other Woman,2014,https://boxd.it/5Q3U,1.0,2.9,109.0
2021-06-10,The Princess Bride,1987,https://boxd.it/26EY,4.5,4.05,99.0
2021-06-10,Matilda,1996,https://boxd.it/1VhY,3.0,3.7,98.0
2021-06-12,Spy,2015,https://boxd.it/71Ks,2.0,3.17,120.0
2021-06-12,2001: A Space Odyssey,1968,https://boxd.it/2bf0,1.5,4.3,149.0
2021-06-12,Interstellar,2014,https://boxd.it/4VZ8,2.0,4.34,169.0
2021-06-12,The Godfather,1972,https://boxd.it/2aNK,2.0,4.55,175.0
2021-06-12,The Falcon and the Winter Soldier,2021,https://boxd.it/sbH6,1.5,3.13,330.0
2021-06-15,Jojo Rabbit,2019,https://boxd.it/iEBG,5.0,4.03,108.0
2021-06-15,Chernobyl,2019,https://boxd.it/mkbG,4.5,4.57,327.0
2021-06-15,Captain America: The First Avenger,2011,https://boxd.it/28b0,4.0,3.26,124.0
2021-06-15,Iron Man 2,2010,https://boxd.it/1WZM,1.5,2.86,124.0
2021-06-15,Thor: The Dark World,2013,https://boxd.it/2DqA,2.0,2.22,112.0
2021-06-15,The Chronicles of Narnia: The Voyage of the Dawn Treader,2010,https://boxd.it/1WZs,1.5,2.82,113.0
2021-06-19,In the Heights,2021,https://boxd.it/gLhu,3.5,3.49,143.0
2021-06-20,Midsommar,2019,https://boxd.it/jhxe,1.5,3.78,147.0
2021-06-20,Incredibles 2,2018,https://boxd.it/7IPg,1.5,3.44,118.0
2021-06-22,Raya and the Last Dragon,2021,https://boxd.it/jbkI,1.5,3.28,107.0
2021-06-23,Alien³,1992,https://boxd.it/20zS,1.5,2.87,114.0
2021-06-23,Alien Resurrection,1997,https://boxd.it/20zI,1.0,2.58,109.0
2021-06-23,Die Hard With a Vengeance,1995,https://boxd.it/28zG,3.0,3.69,128.0
2021-06-23,The Hunger Games: Catching Fire,2013,https://boxd.it/3sAw,2.0,3.79,146.0
2021-06-23,The Hunger Games: Mockingjay – Part 2,2015,https://boxd.it/4hk0,1.5,3.28,137.0
2021-06-23,The Hunger Games: Mockingjay – Part 1,2014,https://boxd.it/4hka,1.5,3.2,123.0
2021-06-23,Maze Runner: The Scorch Trials,2015,https://boxd.it/9hwA,1.5,2.91,131.0
2021-06-23,The Maze Runner,2014,https://boxd.it/5YPM,2.0,3.3,113.0
2021-06-23,Maze Runner: The Death Cure,2018,https://boxd.it/bakw,1.5,3.06,143.0
2021-06-23,The Terminator,1984,https://boxd.it/2aQY,3.0,3.89,108.0
2021-06-23,Terminator 2: Judgment Day,1991,https://boxd.it/2aGY,3.5,4.28,137.0
2021-06-23,Terminator 3: Rise of the Machines,2003,https://boxd.it/2aES,1.5,2.65,109.0
2021-06-23,Terminator Genisys,2015,https://boxd.it/35s0,1.0,2.19,126.0
2021-06-23,Terminator Salvation,2009,https://boxd.it/2abQ,1.0,2.54,115.0
2021-06-23,Toy Story,1995,https://boxd.it/29qA,3.0,4.13,81.0
2021-06-23,Toy Story 2,1999,https://boxd.it/29qq,2.5,3.93,92.0
2021-06-26,3 Idiots,2009,https://boxd.it/1Dsa,3.5,4.05,170.0
2021-06-28,Promising Young Woman,2020,https://boxd.it/loRE,4.0,3.67,113.0
2021-06-28,Ghostbusters,1984,https://boxd.it/g2w,3.5,3.76,107.0
2021-06-28,Clue,1985,https://boxd.it/1MDQ,3.5,3.85,94.0
2021-07-04,Us,2019,https://boxd.it/gnV6,3.0,3.65,116.0
2021-07-07,Shaun of the Dead,2004,https://boxd.it/29J8,3.5,3.98,99.0
2021-07-13,Black Widow,2021,https://boxd.it/hWV8,2.0,2.93,134.0
2021-07-25,Fantastic Mr. Fox,2009,https://boxd.it/1WyQ,1.5,4.27,87.0
2021-07-25,Office Space,1999,https://boxd.it/28Em,0.5,3.73,90.0
2021-07-25,Captain Marvel,2019,https://boxd.it/9vSA,1.5,2.7,124.0
2021-07-31,Cool Hand Luke,1967,https://boxd.it/29jY,2.0,4.14,127.0
2021-08-04,The Boat That Rocked,2009,https://boxd.it/1FZA,3.5,3.57,135.0
2021-08-05,How to Train Your Dragon,2010,https://boxd.it/1WRy,3.5,4.01,98.0
2021-08-18,Safety Last!,1923,https://boxd.it/1AkW,3.5,4.1,74.0
2021-09-03,What We Do in the Shadows,2014,https://boxd.it/7eQy,3.0,4.11,86.0
2021-09-08,Watchmen,2019,https://boxd.it/ol5e,4.5,4.26,529.0
2021-09-12,Pulp Fiction,1994,https://boxd.it/29Pq,2.5,4.27,154.0
2021-09-14,Sunshine on Leith,2013,https://boxd.it/6nzu,4.0,3.26,100.0
2021-09-28,Ip Man,2008,https://boxd.it/1NrQ,3.5,3.91,106.0
2021-09-29,The Voyeurs,2021,https://boxd.it/nZoe,3.0,2.65,117.0
2021-10-02,Gifted,2017,https://boxd.it/e5dG,4.0,3.64,101.0
2021-10-03,Monty Python's The Meaning of Life,1983,https://boxd.it/249E,3.0,3.79,107.0
2021-10-04,Ip Man 2,2010,https://boxd.it/18gs,3.5,3.57,108.0
2021-10-04,Jaws,1975,https://boxd.it/2a5e,3.0,3.96,124.0
2021-10-04,Ip Man 3,2015,https://boxd.it/cDqA,3.0,3.21,105.0
2021-10-05,The Notebook,2004,https://boxd.it/1UNE,2.5,3.68,123.0
2021-10-07,The Hobbit: The Battle of the Five Armies,2014,https://boxd.it/43aU,2.0,3.16,144.0
2021-10-07,The Hobbit: The Desolation of Smaug,2013,https://boxd.it/nmS,1.5,3.37,161.0
2021-10-09,The Invention of Lying,2009,https://boxd.it/1zGs,2.5,2.76,100.0
2021-10-09,The Queen's Gambit,2020,https://boxd.it/s1Ym,2.5,4.23,393.0
2021-10-09,No Country for Old Men,2007,https://boxd.it/21ew,3.5,4.33,122.0
2021-10-11,Ip Man 4: The Finale,2019,https://boxd.it/g2eq,3.5,3.21,107.0
2021-10-12,Good Will Hunting,1997,https://boxd.it/2ahY,5.0,4.3,127.0
2021-10-13,Highlander,1986,https://boxd.it/20GE,3.5,3.32,116.0
2021-10-14,The Lord of the Rings: The Return of the King,2003,https://boxd.it/2b5u,5.0,4.5,201.0
2021-10-14,Mars Attacks!,1996,https://boxd.it/2bd4,1.5,3.22,106.0
2021-10-17,The Sixth Sense,1999,https://boxd.it/29Js,5.0,4.02,107.0
2021-10-17,Hero,2002,https://boxd.it/2bcq,4.5,3.96,99.0
2021-10-17,The Lord of the Rings: The Fellowship of the Ring,2001,https://boxd.it/2b5O,5.0,4.36,179.0
2021-10-17,Scott Pilgrim vs. the World,2010,https://boxd.it/1Aq6,5.0,3.87,113.0
2021-10-21,Clash of the Titans,2010,https://boxd.it/1GfI,3.0,2.4,106.0
2021-10-22,The Mitchells vs. the Machines,2021,https://boxd.it/i7xm,2.5,3.88,110.0
2021-11-30,Harry Potter and the Deathly Hallows: Part 2,2011,https://boxd.it/1RYk,4.5,3.95,130.0
2021-11-30,Harry Potter and the Half-Blood Prince,2009,https://boxd.it/29FU,4.0,3.66,153.0
2021-12-03,Watchmen,2009,https://boxd.it/1QE4,4.5,3.64,163.0
2021-12-13,Shazam!,2019,https://boxd.it/8WBu,2.5,3.11,132.0
2021-12-16,Rise of the Guardians,2012,https://boxd.it/2PXw,2.5,3.49,97.0
2021-12-23,Hawkeye,2021,https://boxd.it/xQqK,1.5,3.34,297.0
2021-12-25,The Imitation Game,2014,https://boxd.it/6aig,3.0,3.8,113.0
2021-12-28,Hot Shots!,1991,https://boxd.it/1YhC,3.5,3.18,84.0
2021-12-28,The Matrix,1999,https://boxd.it/2a1m,4.0,4.16,136.0
2021-12-28,The Matrix Resurrections,2021,https://boxd.it/n87k,3.5,2.73,147.0
2021-12-28,The Matrix Reloaded,2003,https://boxd.it/2a1c,2.0,3.34,138.0
2021-12-28,The Matrix Revolutions,2003,https://boxd.it/2a12,2.0,3.05,129.0
2021-12-29,Tenet,2020,https://boxd.it/leq4,3.5,3.4,150.0
2021-12-29,Lemony Snicket's A Series of Unfortunate Events,2004,https://boxd.it/1T7s,2.5,3.24,108.0
2021-12-29,Megamind,2010,https://boxd.it/16Sk,2.5,3.69,96.0
2021-12-29,Dirty Dancing,1987,https://boxd.it/2baY,2.5,3.64,100.0
2021-12-29,Bohemian Rhapsody,2018,https://boxd.it/f1TK,2.5,3.41,135.0
2021-12-29,Dracula,2020,https://boxd.it/ozuM,3.0,3.17,264.0
2021-12-29,Little Women,2019,https://boxd.it/aSVk,2.5,4.14,135.0
2021-12-29,Doctor Who: The Day of the Doctor,2013,https://boxd.it/a4Bk,3.5,4.14,77.0
2022-01-02,Free Guy,2021,https://boxd.it/k8dm,3.0,3.04,115.0
2022-01-04,Ghostbusters: Afterlife,2021,https://boxd.it/f4Pw,3.0,3.05,124.0
2022-01-05,The Last Duel,2021,https://boxd.it/mQbe,3.0,3.73,153.0
2022-01-05,No Time to Die,2021,https://boxd.it/cPX2,3.0,3.49,163.0
2022-01-10,Encanto,2021,https://boxd.it/kPRu,2.5,3.53,102.0
2022-01-23,The King's Man,2021,https://boxd.it/h714,4.0,2.76,131.0
2022-02-06,Star Wars: Episode II – Attack of the Clones,2002,https://boxd.it/27V2,2.5,2.81,142.0
2022-02-12,The Gentlemen,2019,https://boxd.it/iYBQ,5.0,3.69,113.0
2022-02-21,The Suicide Squad,2021,https://boxd.it/fw6O,4.5,3.51,132.0
2022-03-20,King Arthur: Legend of the Sword,2017,https://boxd.it/8lDS,2.0,2.79,126.0
2022-03-20,Neighbors,2014,https://boxd.it/5Txe,2.5,2.88,97.0
2022-03-27,Collateral Beauty,2016,https://boxd.it/bAIu,1.5,2.79,97.0
2022-04-05,10 Things I Hate About You,1999,https://boxd.it/23AO,4.0,3.99,97.0
2022-04-10,The Intouchables,2011,https://boxd.it/2FT0,4.0,4.12,113.0
2022-04-10,"tick, tick... BOOM!",2021,https://boxd.it/jz2e,3.5,3.83,115.0
2022-04-14,Interview with the Vampire,1994,https://boxd.it/29XO,1.5,3.58,123.0
2022-04-14,Snatch,2000,https://boxd.it/2b7U,2.5,4.01,103.0
2022-04-15,Zack Snyder's Justice League,2021,https://boxd.it/tLOk,4.0,3.41,242.0
2022-04-16,Dr. Strangelove or: How I Learned to Stop Worrying and Love the Bomb,1964,https://boxd.it/29eY,2.5,4.3,95.0
2022-04-16,Oldboy,2003,https://boxd.it/29R2,3.0,4.39,120.0
2022-04-18,Reservoir Dogs,1992,https://boxd.it/2agc,3.0,4.15,99.0
2022-04-18,Mary and Max,2009,https://boxd.it/1y2m,3.5,4.23,92.0
2022-04-18,Ghostbusters II,1989,https://boxd.it/261s,2.0,3.14,108.0
2022-04-19,Lilo & Stitch,2002,https://boxd.it/1TAY,3.0,3.98,85.0
2022-06-02,Everything Everywhere All at Once,2022,https://boxd.it/jUk4,5.0,4.31,140.0
2022-07-12,Top Gun: Maverick,2022,https://boxd.it/cjr4,4.0,3.99,131.0
2022-07-20,The Road to El Dorado,2000,https://boxd.it/1W6s,3.5,3.6,89.0
2022-07-20,(500) Days of Summer,2009,https://boxd.it/1EmM,3.5,3.66,95.0
2022-07-20,Avengers: Age of Ultron,2015,https://boxd.it/3qi6,2.5,3.09,141.0
2022-07-20,Ant-Man,2015,https://boxd.it/3vmW,3.0,3.23,117.0
2022-07-20,Iron Man 3,2013,https://boxd.it/2cBQ,2.5,3.01,130.0
2022-07-20,The Hunger Games,2012,https://boxd.it/2uds,2.5,3.65,142.0
2022-07-20,Misery,1990,https://boxd.it/28gY,3.0,3.97,107.0
2022-07-20,The Last of the Mohicans,1992,https://boxd.it/1YSo,2.5,3.66,112.0
2022-07-20,The Wolverine,2013,https://boxd.it/2CWU,2.0,2.95,126.0
2022-07-20,Percy Jackson & the Olympians: The Lightning Thief,2010,https://boxd.it/1gJi,2.0,2.55,118.0
2022-07-20,Thor,2011,https://boxd.it/1WQU,3.5,2.78,115.0
2022-07-21,Ms. Marvel,2022,https://boxd.it/ANCY,3.5,2.88,289.0
2022-07-23,Return of the Jedi,1983,https://boxd.it/27Vm,4.5,4.04,132.0
2022-07-24,The Cabin in the Woods,2011,https://boxd.it/1zOc,2.5,3.41,95.0
2022-07-25,RRR,2022,https://boxd.it/ljDs,4.0,4.19,185.0
2022-07-25,The Evil Dead,1981,https://boxd.it/29Go,4.0,3.66,85.0
2022-07-26,In Bruges,2008,https://boxd.it/20n8,4.0,4.11,108.0
2022-07-26,Up,2009,https://boxd.it/1OEc,3.0,4.09,96.0
2022-07-27,Blade Runner,1982,https://boxd.it/2bcA,2.0,4.1,118.0
2022-08-12,Rush Hour,1998,https://boxd.it/27pU,3.0,3.53,98.0
2022-08-26,A Knight's Tale,2001,https://boxd.it/1YAk,4.0,3.54,132.0
2022-09-05,The Incredible Hulk,2008,https://boxd.it/28dU,2.5,2.44,114.0
2022-09-06,Thor: Ragnarok,2017,https://boxd.it/8MHi,4.0,3.73,131.0
2022-09-06,Doctor Strange in the Multiverse of Madness,2022,https://boxd.it/gaTc,3.0,2.96,126.0
2022-09-06,Captain America: Civil War,2016,https://boxd.it/89Ja,3.0,3.57,147.0
2022-09-06,Thor: Love and Thunder,2022,https://boxd.it/mMAY,2.5,2.49,119.0
2022-09-08,Shang-Chi and the Legend of the Ten Rings,2021,https://boxd.it/kLDI,4.0,3.45,132.0
2022-09-08,Tolkien,2019,https://boxd.it/gM4G,3.5,3.14,112.0
2022-09-09,A Beautiful Mind,2001,https://boxd.it/2amk,2.5,3.82,135.0
2022-09-10,The Sea Beast,2022,https://boxd.it/kv3a,2.5,3.4,119.0
2022-09-11,Monty Python and the Holy Grail,1975,https://boxd.it/29GI,5.0,4.13,91.0
2022-09-12,Jackie Brown,1997,https://boxd.it/2aVO,2.0,3.87,154.0
2022-09-12,Hot Rod,2007,https://boxd.it/1X9C,4.0,3.52,88.0
2022-09-16,Sunshine,2007,https://boxd.it/28Xy,4.0,3.69,107.0
2022-09-18,Nope,2022,https://boxd.it/sDCe,2.5,3.72,130.0
2022-09-18,Deadpool 2,2018,https://boxd.it/dlLM,2.5,3.48,120.0
2022-09-18,Captain America: The Winter Soldier,2014,https://boxd.it/3r58,4.5,3.71,136.0
2022-09-24,X2,2003,https://boxd.it/1a7i,3.5,3.42,133.0
2022-10-14,She-Hulk: Attorney at Law,2022,https://boxd.it/CjLK,2.0,2.38,309.0
2022-10-17,Werewolf by Night,2022,https://boxd.it/xMrO,4.0,3.48,55.0
2022-10-19,The Lord of the Rings: The Rings of Power Global Fan Screening,2022,https://boxd.it/CpBw,3.5,3.17,123.0
2022-10-19,Loki,2021,https://boxd.it/sbHg,3.5,3.77,615.0
2022-10-31,The Addams Family,2019,https://boxd.it/hhYg,1.0,2.55,86.0
2022-11-09,See How They Run,2022,https://boxd.it/sNVq,2.0,3.18,99.0
2022-11-09,Enola Holmes 2,2022,https://boxd.it/vfDe,3.5,3.26,129.0
2022-11-24,Do Revenge,2022,https://boxd.it/sFiA,3.5,3.09,118.0
2022-12-07,A Castle for Christmas,2021,https://boxd.it/svx6,0.5,2.17,98.0
2022-12-07,The Guardians of the Galaxy Holiday Special,2022,https://boxd.it/t77K,2.0,3.25,45.0
2022-12-21,Treasure Planet,2002,https://boxd.it/1Znm,3.5,3.82,95.0
2022-12-24,The Banshees of Inisherin,2022,https://boxd.it/p7XS,2.0,4.11,114.0
2022-12-24,Avatar,2009,https://boxd.it/1Efm,2.5,3.57,162.0
2022-12-26,"The Boy, the Mole, the Fox and the Horse",2022,https://boxd.it/BBT6,3.5,3.58,35.0
2022-12-26,Another Round,2020,https://boxd.it/lkba,4.0,4.08,117.0
2022-12-26,Eternal Sunshine of the Spotless Mind,2004,https://boxd.it/6YK,3.0,4.25,108.0
2023-01-02,Violent Night,2022,https://boxd.it/xXBA,3.0,3.04,111.0
2023-01-08,Balto,1995,https://boxd.it/1Cwq,3.0,3.44,78.0
2023-01-14,Puss in Boots: The Last Wish,2022,https://boxd.it/aaie,3.5,4.15,103.0
2023-01-25,Kiki's Delivery Service,1989,https://boxd.it/1JAY,3.5,4.13,103.0
2023-01-26,Boyz n the Hood,1991,https://boxd.it/29Ug,3.5,4.03,112.0
2023-01-26,Halloween,1978,https://boxd.it/2wRu,2.0,3.8,91.0
2023-01-29,Catch Me If You Can,2002,https://boxd.it/29VS,3.5,4.03,141.0
2023-02-10,The Whale,2022,https://boxd.it/tw4c,4.0,3.65,117.0
2023-03-03,Marcel the Shell with Shoes On,2021,https://boxd.it/wMAk,4.5,4.23,90.0
2023-03-06,The Unbearable Weight of Massive Talent,2022,https://boxd.it/o6eK,3.5,3.43,107.0
2023-03-11,Paddington 2,2017,https://boxd.it/bCF8,3.0,4.17,104.0
2023-03-13,Triangle of Sadness,2022,https://boxd.it/hXlq,4.0,3.69,147.0
2023-03-18,Indiana Jones and the Temple of Doom,1984,https://boxd.it/2bb8,2.5,3.63,118.0
2023-03-19,Indiana Jones and the Last Crusade,1989,https://boxd.it/2baO,3.5,4.09,127.0
2023-03-22,Indiana Jones and the Kingdom of the Crystal Skull,2008,https://boxd.it/2aR8,2.5,2.68,122.0
2023-04-24,Dungeons & Dragons: Honor Among Thieves,2023,https://boxd.it/hN1A,3.5,3.52,134.0
2023-05-09,Whiplash,2014,https://boxd.it/7bQA,5.0,4.43,107.0
2023-05-09,Black Panther: Wakanda Forever,2022,https://boxd.it/igPu,3.0,3.36,162.0
2023-05-13,Guardians of the Galaxy,2014,https://boxd.it/3VH2,3.5,3.78,121.0
2023-05-13,Black Panther,2018,https://boxd.it/8MHs,3.5,3.64,135.0
2023-05-13,Eternals,2021,https://boxd.it/j36o,3.0,2.74,156.0
2023-05-13,Ant-Man and the Wasp: Quantumania,2023,https://boxd.it/nL2y,2.5,2.27,125.0
2023-05-13,Ant-Man and the Wasp,2018,https://boxd.it/cqUW,2.5,2.9,119.0
2023-05-13,Guardians of the Galaxy Vol. 2,2017,https://boxd.it/8MxC,3.5,3.51,137.0
2023-05-13,Doctor Strange,2016,https://boxd.it/8MH8,3.0,3.44,115.0
2023-05-13,Guardians of the Galaxy Vol. 3,2023,https://boxd.it/fVNI,3.5,3.96,150.0
2023-05-15,Blood Diamond,2006,https://boxd.it/28Tm,4.0,3.68,143.0
2023-05-27,Soul,2020,https://boxd.it/ioLA,3.0,3.94,101.0
2023-06-02,My Neighbor Totoro,1988,https://boxd.it/20eA,4.5,4.19,86.0
2023-06-16,The Witch,2015,https://boxd.it/9X0m,3.5,3.84,92.0
2023-06-21,Psycho,1960,https://boxd.it/2ab2,3.5,4.32,109.0
2023-06-27,The Great Dictator,1940,https://boxd.it/29ic,3.5,4.31,125.0
2023-06-27,Harry Potter and the Order of the Phoenix,2007,https://boxd.it/29Qe,4.5,3.64,138.0
2023-06-27,Lagaan: Once Upon a Time in India,2001,https://boxd.it/1EII,2.5,3.86,224.0
2023-06-27,Stand by Me,1986,https://boxd.it/2aOe,3.0,4.15,89.0
2023-06-27,E.T. the Extra-Terrestrial,1982,https://boxd.it/2a1G,2.0,3.85,115.0
2023-06-27,Jurassic Park,1993,https://boxd.it/2aA2,2.5,4.11,127.0
2023-06-27,"The Good, the Bad and the Ugly",1966,https://boxd.it/2ape,3.5,4.49,161.0
2023-06-27,Four Weddings and a Funeral,1994,https://boxd.it/29KA,3.0,3.38,117.0
2023-06-27,Trainspotting,1996,https://boxd.it/29XY,2.5,4.2,94.0
2023-06-27,The Wizard of Oz,1939,https://boxd.it/29Xu,2.0,3.96,102.0
2023-06-27,Seven Samurai,1954,https://boxd.it/2axi,3.0,4.6,207.0
2023-06-27,Se7en,1995,https://boxd.it/29zs,3.0,4.33,127.0
2023-06-27,The Goonies,1985,https://boxd.it/1YVC,2.0,3.78,114.0
2023-06-27,Rocky,1976,https://boxd.it/28Uk,2.5,4.07,120.0
2023-06-27,Mean Girls,2004,https://boxd.it/1VNg,2.0,3.83,97.0
2023-06-28,Asterix & Obelix: Mission Cleopatra,2002,https://boxd.it/268o,3.0,3.52,108.0
2023-06-28,The Nice Guys,2016,https://boxd.it/94Hg,3.0,3.82,116.0
2023-07-04,Scarface,1983,https://boxd.it/2b7g,3.5,4.11,169.0
2023-07-10,Living,2022,https://boxd.it/syDQ,4.0,3.56,102.0
2023-07-15,Apocalypse Now,1979,https://boxd.it/6ZS,3.5,4.44,147.0
2023-07-15,Saving Private Ryan,1998,https://boxd.it/29ro,2.5,4.23,169.0
2023-07-20,Mission: Impossible – Dead Reckoning,2023,https://boxd.it/l7zS,4.0,3.72,164.0
2023-07-22,Oppenheimer,2023,https://boxd.it/wUow,4.0,4.23,181.0
2023-07-22,Barbie,2023,https://boxd.it/bCLK,3.5,3.87,114.0
2023-07-24,Black Mirror: Loch Henry,2023,https://boxd.it/H7Pg,2.5,3.5,60.0
2023-07-24,Black Mirror: Beyond the Sea,2023,https://boxd.it/H7QI,3.5,3.57,80.0
2023-07-31,Moon Knight,2022,https://boxd.it/zeDq,3.0,3.56,282.0
2023-08-01,The Grand Budapest Hotel,2014,https://boxd.it/3ZqO,3.5,4.24,100.0
2023-08-03,City of God,2002,https://boxd.it/2a2a,3.0,4.52,130.0
2023-08-03,The Amazing Spider-Man,2012,https://boxd.it/27PI,3.0,3.29,136.0
2023-08-04,A Clockwork Orange,1971,https://boxd.it/2aVE,3.0,4.13,137.0
2023-08-05,Kingsman: The Golden Circle,2017,https://boxd.it/buJm,2.0,3.12,141.0
2023-08-07,Seven Pounds,2008,https://boxd.it/1U8w,3.0,3.37,123.0
2023-08-21,Moonlight,2016,https://boxd.it/d6bE,3.0,4.2,111.0
2023-08-31,Brokeback Mountain,2005,https://boxd.it/2b2q,3.0,4.1,134.0
2023-09-06,The Pianist,2002,https://boxd.it/2aqc,3.5,4.37,150.0
2023-09-08,Rosemary's Baby,1968,https://boxd.it/29zM,2.5,4.21,138.0
2023-09-15,Weird: The Al Yankovic Story,2022,https://boxd.it/yYZA,3.5,3.5,108.0
2023-10-01,Flash Gordon,1980,https://boxd.it/257a,4.0,3.23,111.0
2023-10-10,Uncut Gems,2019,https://boxd.it/gXGc,3.5,3.95,136.0
2023-10-10,Daredevil,2003,https://boxd.it/1YzG,1.5,2.1,103.0
2023-10-11,A Haunting in Venice,2023,https://boxd.it/zGdg,3.5,3.01,104.0
2023-10-12,Her,2013,https://boxd.it/4O24,4.5,4.02,126.0
2023-10-12,The Prestige,2006,https://boxd.it/293w,4.5,4.23,130.0
2023-10-12,The Lion King,1994,https://boxd.it/201Q,3.5,4.21,89.0
2023-10-12,The Big Lebowski,1998,https://boxd.it/2b6C,1.5,4.13,117.0
2023-10-12,The Rocky Horror Picture Show,1975,https://boxd.it/1a3q,2.0,4.0,100.0
2023-10-12,The Deer Hunter,1978,https://boxd.it/1T6O,1.0,4.19,183.0
2023-10-12,Drive,2011,https://boxd.it/IG,1.0,3.94,100.0
2023-10-12,Vertigo,1958,https://boxd.it/2apI,2.0,4.24,129.0
2023-11-01,Five Nights at Freddy's,2023,https://boxd.it/ikHu,2.0,2.57,110.0
2023-11-02,Evil Dead II,1987,https://boxd.it/29Ge,2.5,4.02,84.0
2023-11-14,The Fifth Element,1997,https://boxd.it/71k,1.5,3.74,126.0
2023-11-15,The Amazing Spider-Man 2,2014,https://boxd.it/3utM,3.5,2.9,141.0
2023-11-19,Scott Pilgrim Takes Off,2023,https://boxd.it/JLZk,3.5,4.16,217.0
2023-11-22,The Marvels,2023,https://boxd.it/mwU4,3.5,2.66,105.0
2023-12-04,A California Christmas,2020,https://boxd.it/sSrK,1.0,2.13,106.0
2023-12-13,The Holiday,2006,https://boxd.it/28ye,1.5,3.47,136.0
2023-12-25,The Muppet Christmas Carol,1992,https://boxd.it/1WgC,4.0,3.94,86.0
2023-12-29,Hogfather,2006,https://boxd.it/MEqe,4.0,3.62,190.0
2023-12-29,Get Shorty,1995,https://boxd.it/20Ga,1.5,3.44,105.0
2024-01-04,Fantastic Beasts and Where to Find Them,2016,https://boxd.it/7FPC,3.0,3.13,132.0
2024-01-05,David Holmes: The Boy Who Lived,2023,https://boxd.it/JaRI,3.0,3.84,89.0
2024-01-06,The Magnificent Seven,1960,https://boxd.it/29bA,4.0,3.8,127.0
2024-01-17,Marvel's The Defenders,2017,https://boxd.it/oszg,3.0,3.01,398.0
2024-01-17,Secret Invasion,2023,https://boxd.it/HcqU,2.0,2.14,272.0
2024-01-17,Wonka,2023,https://boxd.it/tCQm,3.5,3.28,117.0
2024-01-19,Echo,2024,https://boxd.it/KIjW,2.5,2.75,213.0
2024-01-21,Elvis,2022,https://boxd.it/mK4w,3.0,3.34,159.0
2024-01-21,Gangs of New York,2002,https://boxd.it/25FG,4.0,3.69,168.0
2024-01-21,Meet Joe Black,1998,https://boxd.it/2aEI,4.0,3.35,178.0
2024-01-21,The Mask of Zorro,1998,https://boxd.it/1YVi,4.0,3.34,136.0
2024-01-22,Next Goal Wins,2023,https://boxd.it/mZTu,3.0,3.04,104.0
2024-02-06,BLUE EYE SAMURAI,2023,https://boxd.it/JH9k,4.5,4.44,383.0
2024-02-08,Galaxy Quest,1999,https://boxd.it/29gq,3.0,3.7,101.0
2024-02-11,Star Wars,1977,https://boxd.it/72s,4.0,4.18,121.0
2024-02-13,Once Upon a Time in Mexico,2003,https://boxd.it/28LM,3.5,3.0,102.0
2024-02-19,Nimona,2023,https://boxd.it/Aiyc,3.5,3.94,99.0
2024-02-23,Spider-Man: Into the Spider-Verse,2018,https://boxd.it/azpY,5.0,4.42,117.0
2024-03-08,Dune,2021,https://boxd.it/fA7G,3.5,3.9,155.0
2024-03-11,Dune: Part Two,2024,https://boxd.it/pUfA,4.5,4.48,167.0
2024-04-03,The Holdovers,2023,https://boxd.it/vHza,4.5,4.22,133.0
2024-04-09,"Lock, Stock and Two Smoking Barrels",1998,https://boxd.it/2b92,3.0,3.96,105.0
2024-04-11,Mr. & Mrs. Smith,2005,https://boxd.it/29CG,2.5,3.18,119.0
2024-04-17,Ponyo,2008,https://boxd.it/1S0A,3.0,4.05,100.0
2024-04-24,Hoodwinked!,2005,https://boxd.it/1UVS,3.5,3.22,82.0
2024-04-25,Mission: Impossible,1996,https://boxd.it/29d2,3.5,3.59,110.0
2024-04-26,Mission: Impossible II,2000,https://boxd.it/29cS,1.5,2.62,123.0
2024-04-27,Mission: Impossible III,2006,https://boxd.it/29cI,3.5,3.35,126.0
2024-05-02,Mission: Impossible – Ghost Protocol,2011,https://boxd.it/psI,3.5,3.71,133.0
2024-05-02,Mission: Impossible – Rogue Nation,2015,https://boxd.it/5rI4,4.0,3.71,131.0
2024-05-08,Love Me If You Dare,2003,https://boxd.it/20bm,1.0,3.51,93.0
2024-05-08,Sin City,2005,https://boxd.it/2aVk,3.5,3.68,124.0
2024-05-19,The Hunt for Gollum,2009,https://boxd.it/tHeC,3.0,3.31,39.0
2024-05-23,Army of Darkness,1992,https://boxd.it/29G4,4.0,3.71,81.0
2024-06-02,Furiosa: A Mad Max Saga,2024,https://boxd.it/tABk,4.0,3.89,149.0
2024-06-06,Top Secret!,1984,https://boxd.it/1ZSE,4.0,3.7,90.0
2024-06-08,Godzilla Minus One,2023,https://boxd.it/zu4c,3.5,4.09,125.0
2024-06-12,John Wick,2014,https://boxd.it/7dEc,2.5,3.81,101.0
2024-06-12,Hot Shots! Part Deux,1993,https://boxd.it/1Z90,3.5,3.2,86.0
2024-06-27,Young Frankenstein,1974,https://boxd.it/25To,3.0,4.01,106.0
2024-06-29,Rebel Moon – Part Two: The Scargiver,2024,https://boxd.it/zdta,2.0,1.84,123.0
2024-06-29,Rebel Moon – Part One: A Child of Fire,2023,https://boxd.it/w0qc,2.5,2.0,134.0
2024-07-02,Hopscotch,1980,https://boxd.it/1hTy,4.0,3.55,104.0
2024-07-03,Mad Max: Fury Road,2015,https://boxd.it/2DjO,3.0,4.16,121.0
2024-07-08,The Ministry of Ungentlemanly Warfare,2024,https://boxd.it/u5zu,2.5,3.19,120.0
2024-07-08,Hundreds of Beavers,2022,https://boxd.it/CyUM,3.5,4.16,108.0
2024-07-10,Kung Fu Hustle,2004,https://boxd.it/1YBi,3.0,3.95,99.0
2024-07-10,Pink Floyd: The Wall,1982,https://boxd.it/1Sxk,4.5,4.1,95.0
2024-07-11,Finding Nemo,2003,https://boxd.it/72i,3.0,4.04,100.0
2024-07-11,Sherlock Holmes,2009,https://boxd.it/1W2A,2.5,3.43,129.0
2024-07-11,A Bug's Life,1998,https://boxd.it/1Yyy,2.0,3.45,95.0
2024-07-11,Kick-Ass,2010,https://boxd.it/1zaQ,2.5,3.5,117.0
2024-07-11,Fantastic Four,2005,https://boxd.it/1XVw,3.5,2.45,106.0
2024-07-11,The Lego Movie,2014,https://boxd.it/4pDO,3.0,3.8,100.0
2024-07-11,Aquaman,2018,https://boxd.it/9ru0,1.5,2.79,143.0
2024-07-11,Hancock,2008,https://boxd.it/1Zv6,3.0,2.74,92.0
2024-07-11,Solo: A Star Wars Story,2018,https://boxd.it/bGWs,1.5,2.9,135.0
2024-07-11,Hercules,1997,https://boxd.it/1SDW,3.5,3.79,93.0
2024-07-11,"Monsters, Inc.",2001,https://boxd.it/2a46,2.5,4.08,92.0
2024-07-11,Edge of Tomorrow,2014,https://boxd.it/4pD0,3.5,3.76,114.0
2024-07-11,Cars,2006,https://boxd.it/29ho,2.5,3.71,117.0
2024-07-11,Jurassic World,2015,https://boxd.it/4n0g,2.5,3.03,124.0
2024-07-11,Ratatouille,2007,https://boxd.it/27ww,3.0,4.21,111.0
2024-07-11,Gravity,2013,https://boxd.it/GZY,3.0,3.5,91.0
2024-07-11,Beauty and the Beast,1991,https://boxd.it/1XhG,3.0,3.88,84.0
2024-07-11,Brave,2012,https://boxd.it/bVG,1.5,3.35,93.0
2024-07-11,Shrek,2001,https://boxd.it/29zi,2.5,4.08,90.0
2024-07-11,Aladdin,1992,https://boxd.it/29yE,3.0,3.89,95.0
2024-07-11,The Martian,2015,https://boxd.it/8SeG,3.0,3.75,141.0
2024-07-11,Mulan,1998,https://boxd.it/1VFw,2.5,4.1,88.0
2024-07-11,The Nightmare Before Christmas,1993,https://boxd.it/1YzQ,1.5,3.95,76.0
2024-07-11,Moana,2016,https://boxd.it/8tfY,3.0,3.71,107.0
2024-07-11,Tropic Thunder,2008,https://boxd.it/20WM,2.5,3.58,107.0
2024-07-11,School of Rock,2003,https://boxd.it/28xK,1.5,3.76,110.0
2024-07-11,Despicable Me,2010,https://boxd.it/1DD8,2.5,3.54,95.0
2024-07-11,Finding Dory,2016,https://boxd.it/4aAA,2.0,3.25,97.0
2024-07-11,Taken,2008,https://boxd.it/1ZXa,2.5,3.49,94.0
2024-07-11,Men in Black 3,2012,https://boxd.it/103U,3.5,3.09,106.0
2024-07-11,Kung Fu Panda,2008,https://boxd.it/1Yws,3.5,3.85,90.0
2024-07-11,Frozen,2013,https://boxd.it/3GNa,2.5,3.39,102.0
2024-07-11,Ice Age,2002,https://boxd.it/2apS,2.5,3.52,81.0
2024-07-11,Rogue One: A Star Wars Story,2016,https://boxd.it/aPvy,3.0,3.72,133.0
2024-07-17,Blazing Saddles,1974,https://boxd.it/1UHQ,2.0,3.82,93.0
2024-07-18,Jumper,2008,https://boxd.it/20ss,2.5,2.61,88.0
2024-07-29,Deadpool & Wolverine,2024,https://boxd.it/jq8s,4.0,3.64,128.0
2024-07-30,Burnt,2015,https://boxd.it/9mVg,2.5,3.03,100.0
2024-07-30,Starter for 10,2006,https://boxd.it/1OQW,3.0,3.27,92.0
2024-07-31,Jumanji: Welcome to the Jungle,2017,https://boxd.it/bUeE,3.0,3.08,119.0
2024-07-31,Jumanji: The Next Level,2019,https://boxd.it/ixu4,2.5,2.86,123.0
2024-08-01,The Karate Kid,1984,https://boxd.it/27Wk,2.5,3.75,126.0
2024-08-01,Bruce Almighty,2003,https://boxd.it/2aCC,2.5,3.2,101.0
2024-08-01,How to Train Your Dragon 2,2014,https://boxd.it/2TRW,2.5,3.75,102.0
2024-08-01,National Treasure: Book of Secrets,2007,https://boxd.it/21rq,2.5,2.93,124.0
2024-08-01,The Mummy Returns,2001,https://boxd.it/28cs,2.0,2.98,130.0
2024-08-01,Con Air,1997,https://boxd.it/28gO,3.0,3.41,116.0
2024-08-01,Chicken Little,2005,https://boxd.it/1Xnu,1.0,2.76,81.0
2024-08-01,The Hangover Part II,2011,https://boxd.it/PZI,2.5,2.92,102.0
2024-08-01,The Hangover Part III,2013,https://boxd.it/3GNY,2.0,2.59,100.0
2024-08-01,The Hitchhiker's Guide to the Galaxy,2005,https://boxd.it/20VE,2.5,3.34,109.0
2024-08-01,Face/Off,1997,https://boxd.it/29I0,3.0,3.53,138.0
2024-08-01,Step Brothers,2008,https://boxd.it/1SsE,1.5,3.44,98.0
2024-08-01,Jungle Cruise,2021,https://boxd.it/g4YK,1.5,2.73,127.0
2024-08-01,Sausage Party,2016,https://boxd.it/6CCe,2.0,2.28,89.0
2024-08-01,Batman: Mask of the Phantasm,1993,https://boxd.it/1N6S,3.5,4.02,76.0
2024-08-01,Paul,2011,https://boxd.it/13uE,3.0,3.06,104.0
2024-08-01,Pocahontas,1995,https://boxd.it/1W2g,3.0,3.22,81.0
2024-08-01,Ghost Rider,2007,https://boxd.it/290M,2.5,2.34,114.0
2024-08-01,The Hitman's Bodyguard,2017,https://boxd.it/dCmO,2.0,3.04,118.0
2024-08-01,The Day After Tomorrow,2004,https://boxd.it/2aog,2.5,2.93,124.0
2024-08-01,Chicken Run,2000,https://boxd.it/20Xg,2.5,3.59,84.0
2024-08-01,Fantasia,1940,https://boxd.it/29HG,3.0,3.9,124.0
2024-08-01,Speed,1994,https://boxd.it/28qk,2.5,3.67,116.0
2024-08-01,Dances with Wolves,1990,https://boxd.it/2a4K,3.0,3.86,181.0
2024-08-01,Big,1988,https://boxd.it/271S,3.0,3.59,104.0
2024-08-01,Shark Tale,2004,https://boxd.it/1VYe,2.0,2.86,90.0
2024-08-01,The A-Team,2010,https://boxd.it/1dHS,3.5,2.8,117.0
2024-08-01,Cool Runnings,1993,https://boxd.it/29qg,3.0,3.5,98.0
2024-08-01,Oz the Great and Powerful,2013,https://boxd.it/2cAI,2.5,2.57,130.0
2024-08-01,Divergent,2014,https://boxd.it/4VT0,2.0,2.86,139.0
2024-08-01,Shakespeare in Love,1998,https://boxd.it/27Pe,2.5,3.29,123.0
2024-08-01,Blades of Glory,2007,https://boxd.it/1Xrm,3.0,3.03,93.0
2024-08-02,Flushed Away,2006,https://boxd.it/1Tpm,2.0,3.14,84.0
2024-08-02,Eragon,2006,https://boxd.it/26Fs,2.0,1.77,104.0
2024-08-02,The Impossible,2012,https://boxd.it/2N9k,3.0,3.59,114.0
2024-08-02,Black Mirror: Be Right Back,2013,https://boxd.it/hRpw,3.5,3.57,48.0
2024-08-02,Coach Carter,2005,https://boxd.it/218e,2.0,3.72,136.0
2024-08-02,Spy Kids 2: The Island of Lost Dreams,2002,https://boxd.it/1Yyo,3.0,2.76,100.0
2024-08-02,Spy Kids 3-D: Game Over,2003,https://boxd.it/1S7w,3.0,2.42,84.0
2024-08-02,Percy Jackson: Sea of Monsters,2013,https://boxd.it/2D8m,1.0,2.08,106.0
2024-08-02,Black Mirror: Fifteen Million Merits,2011,https://boxd.it/hQYU,2.0,3.72,62.0
2024-08-02,The Devil's Advocate,1997,https://boxd.it/286k,2.0,3.53,144.0
2024-08-02,The Golden Compass,2007,https://boxd.it/272Q,2.0,2.63,113.0
2024-08-02,Madagascar,2005,https://boxd.it/29dc,2.5,3.5,86.0
2024-08-02,Madagascar: Escape 2 Africa,2008,https://boxd.it/1W2K,2.0,3.11,89.0
2024-08-02,Madagascar 3: Europe's Most Wanted,2012,https://boxd.it/2NF6,1.0,2.95,93.0
2024-08-02,Minions,2015,https://boxd.it/6jCO,1.0,2.8,91.0
2024-08-02,Miss Peregrine's Home for Peculiar Children,2016,https://boxd.it/8KPu,2.0,3.08,127.0
2024-08-02,Sixteen Candles,1984,https://boxd.it/1MJk,2.5,3.0,93.0
2024-08-02,MouseHunt,1997,https://boxd.it/21PM,2.5,3.2,98.0
2024-08-02,Miss Congeniality,2000,https://boxd.it/28GM,3.0,3.33,111.0
2024-08-02,Inkheart,2008,https://boxd.it/26XG,3.0,2.8,106.0
2024-08-02,Black Mirror: USS Callister,2017,https://boxd.it/hQXi,3.0,3.81,76.0
2024-08-02,Doctor Zhivago,1965,https://boxd.it/29jk,2.5,3.94,200.0
2024-08-02,I Am Number Four,2011,https://boxd.it/MXY,2.0,2.31,109.0
2024-08-02,Pixels,2015,https://boxd.it/7BaA,2.0,2.16,105.0
2024-08-02,Airplane II: The Sequel,1982,https://boxd.it/26uu,3.0,2.93,85.0
2024-08-02,The Naked Gun 2½: The Smell of Fear,1991,https://boxd.it/18Yu,3.0,3.39,85.0
2024-08-02,Naked Gun 33⅓: The Final Insult,1994,https://boxd.it/1afQ,2.5,3.16,83.0
2024-08-02,Around the World in 80 Days,2004,https://boxd.it/1WPs,3.0,2.71,120.0
2024-08-02,Happy Feet,2006,https://boxd.it/1XH0,1.0,2.95,108.0
2024-08-02,Tangled,2010,https://boxd.it/15gO,3.0,3.95,100.0
2024-08-02,21 Jump Street,2012,https://boxd.it/J0,3.0,3.59,109.0
2024-08-02,Cast Away,2000,https://boxd.it/20i8,2.5,3.87,143.0
2024-08-03,Night at the Museum,2006,https://boxd.it/28wi,2.0,3.27,108.0
2024-08-03,Zombieland,2009,https://boxd.it/1En6,2.5,3.53,88.0
2024-08-03,Home Alone,1990,https://boxd.it/29Fg,2.5,3.8,103.0
2024-08-03,Once Upon a Time... in Hollywood,2019,https://boxd.it/gH0O,3.0,3.76,162.0
2024-08-03,Slumdog Millionaire,2008,https://boxd.it/1S3E,3.0,3.9,120.0
2024-08-03,22 Jump Street,2014,https://boxd.it/5Fvy,3.0,3.32,112.0
2024-08-03,Kung Fu Panda 2,2011,https://boxd.it/G36,3.0,3.69,91.0
2024-08-03,Spectre,2015,https://boxd.it/6bXY,1.5,3.16,148.0
2024-08-03,The Emperor's New Groove,2000,https://boxd.it/1Tey,3.5,3.89,78.0
2024-08-03,Venom,2018,https://boxd.it/b8wA,1.5,2.85,112.0
2024-08-03,Cloudy with a Chance of Meatballs,2009,https://boxd.it/1A40,3.0,3.35,90.0
2024-08-03,Paddington,2014,https://boxd.it/3RKw,2.5,3.79,96.0
2024-08-03,Monsters vs Aliens,2009,https://boxd.it/1M50,3.0,2.8,94.0
2024-08-03,Black Mirror: The Entire History of You,2011,https://boxd.it/hQZ4,3.5,3.72,49.0
2024-08-03,Yesterday,2019,https://boxd.it/iF7M,2.0,2.9,116.0
2024-08-03,Trading Places,1983,https://boxd.it/28sK,3.0,3.62,116.0
2024-08-03,Air Force One,1997,https://boxd.it/1XQw,3.0,3.21,124.0
2024-08-03,Crazy Rich Asians,2018,https://boxd.it/gfnK,3.0,3.49,121.0
2024-08-03,Anna and the Apocalypse,2017,https://boxd.it/gwcE,3.0,3.1,98.0
2024-08-03,Sherlock: The Blind Banker,2010,https://boxd.it/mwHY,3.0,3.65,89.0
2024-08-03,Sherlock: The Sign of Three,2014,https://boxd.it/mwSs,3.0,4.05,86.0
2024-08-03,Sherlock: The Lying Detective,2017,https://boxd.it/uBH6,3.0,3.86,89.0
2024-08-03,Sherlock: The Hounds of Baskerville,2012,https://boxd.it/mwHu,2.5,3.76,88.0
2024-08-03,Sherlock: The Reichenbach Fall,2012,https://boxd.it/mwV2,3.5,4.38,88.0
2024-08-07,Hunt for the Wilderpeople,2016,https://boxd.it/cTgG,4.0,4.06,101.0
2024-08-07,Not Another Teen Movie,2001,https://boxd.it/1TWq,3.0,2.74,89.0
2024-08-08,Blade,1998,https://boxd.it/1a8A,3.0,3.43,121.0
2024-08-13,Bullet Train,2022,https://boxd.it/qW26,3.5,3.55,126.0
2024-08-14,A Very Potter Musical,2009,https://boxd.it/u7q,3.5,4.16,166.0
2024-08-14,A Very Potter Sequel,2010,https://boxd.it/j4q,3.5,3.96,213.0
2024-08-14,A Very Potter Senior Year,2013,https://boxd.it/5FPo,3.0,3.57,207.0
2024-08-14,Holy Musical B@man!,2012,https://boxd.it/3ySm,3.0,3.83,128.0
2024-08-15,Tour de Pharmacy,2017,https://boxd.it/gnxS,3.0,3.53,41.0
2024-08-20,Watchmen: Chapter I,2024,https://boxd.it/HGKK,1.5,3.53,84.0
2024-08-20,Game Night,2018,https://boxd.it/fRtu,3.5,3.51,100.0
2024-09-03,Hellboy,2004,https://boxd.it/28HK,3.0,3.41,122.0
2024-09-04,Kung Fury,2015,https://boxd.it/7mSM,4.0,3.57,32.0
2024-09-05,The Producers,1967,https://boxd.it/1lMm,1.0,3.79,88.0
2024-09-10,Memories of Murder,2003,https://boxd.it/1TSo,3.5,4.41,131.0
2024-09-10,Last Night in Soho,2021,https://boxd.it/lbJC,4.0,3.41,116.0
2024-09-10,American History X,1998,https://boxd.it/2bdo,4.0,4.12,119.0
2024-09-10,Spider-Man: No Way Home,2021,https://boxd.it/nwRw,4.0,3.85,148.0
2024-09-10,The Silence of the Lambs,1991,https://boxd.it/2aHW,4.5,4.33,119.0
2024-09-12,Constantine,2005,https://boxd.it/2a7E,3.0,3.35,121.0
2024-09-12,Logan Lucky,2017,https://boxd.it/dZrs,3.5,3.55,118.0
2024-09-13,Predator,1987,https://boxd.it/2b84,3.0,3.78,107.0
2024-09-24,The Secret of Kells,2009,https://boxd.it/1sMI,2.5,3.83,78.0
2024-09-25,Being John Malkovich,1999,https://boxd.it/2ahu,1.5,4.08,113.0
2024-10-03,Hellboy II: The Golden Army,2008,https://boxd.it/1Ug6,3.5,3.41,120.0
2024-10-04,Prey,2022,https://boxd.it/sNBU,3.5,3.57,100.0
2024-10-07,Airplane!,1980,https://boxd.it/29yu,4.0,3.84,88.0
2024-10-07,The Naked Gun: From the Files of Police Squad!,1988,https://boxd.it/18YE,3.5,3.76,86.0
2024-10-10,It's Such a Beautiful Day,2012,https://boxd.it/hCY2,3.5,4.38,62.0
2024-10-10,Fargo,1996,https://boxd.it/2aHM,2.5,4.21,98.0
2024-10-10,Back to the Future,1985,https://boxd.it/2b8e,4.0,4.2,116.0
2024-10-14,Over the Garden Wall,2014,https://boxd.it/eqFw,4.5,4.62,109.0
2024-10-16,7 Days in Hell,2015,https://boxd.it/8VZ6,3.5,3.51,43.0
2024-10-16,The Batman,2022,https://boxd.it/eDGs,3.5,3.98,177.0
2024-10-16,Avatar: The Way of Water,2022,https://boxd.it/2E2E,3.0,3.61,192.0
2024-10-17,Beetlejuice,1988,https://boxd.it/24QI,3.0,3.74,92.0
2024-10-19,Harakiri,1962,https://boxd.it/1NTU,4.0,4.69,135.0
2024-10-21,One Flew Over the Cuckoo's Nest,1975,https://boxd.it/2aeA,3.0,4.36,133.0
2024-10-21,Paper Moon,1973,https://boxd.it/1Ud2,2.5,4.35,102.0
2024-10-23,Spider-Man: Across the Spider-Verse,2023,https://boxd.it/kSz4,3.5,4.45,140.0
2024-10-23,The Shining,1980,https://boxd.it/29Nu,3.0,4.24,144.0
2024-10-23,Doctor Sleep,2019,https://boxd.it/i5vI,3.0,3.36,152.0
2024-10-24,Chaplin,1992,https://boxd.it/1WgW,2.5,3.59,143.0
2024-10-25,Alien: Romulus,2024,https://boxd.it/zGqO,3.0,3.62,119.0
2024-10-25,Alien,1979,https://boxd.it/2awY,3.0,4.28,117.0
2024-10-25,Aliens,1986,https://boxd.it/29PA,3.0,4.15,137.0
2024-10-29,About Time,2013,https://boxd.it/43bI,5.0,4.03,123.0
2024-10-31,Harry Potter and the Philosopher's Stone,2001,https://boxd.it/29QS,3.5,3.76,152.0
2024-11-01,Agatha All Along,2024,https://boxd.it/Q5dC,3.5,3.87,379.0
2024-11-03,The Frighteners,1996,https://boxd.it/1Vq2,3.5,3.45,110.0
2024-11-03,Chronicle,2012,https://boxd.it/2Emk,3.5,3.51,84.0
2024-11-04,Bad Times at the El Royale,2018,https://boxd.it/fSA2,3.5,3.47,141.0
2024-11-04,Who Framed Roger Rabbit,1988,https://boxd.it/29ry,3.0,3.94,104.0
2024-11-04,The Chorus,2004,https://boxd.it/22X8,3.0,3.98,97.0
2024-11-04,A Nightmare on Elm Street,1984,https://boxd.it/2aw0,2.5,3.72,91.0
2024-11-04,Pokémon Detective Pikachu,2019,https://boxd.it/fVA0,3.0,3.04,105.0
2024-11-04,Who Killed Captain Alex?,2010,https://boxd.it/adJ8,2.0,4.17,68.0
2024-11-05,The Raid,2011,https://boxd.it/3hBy,4.5,4.02,101.0
2024-11-06,The Raid 2,2014,https://boxd.it/5uz0,4.0,4.03,150.0
2024-11-06,Ernest & Celestine,2012,https://boxd.it/493A,3.0,4.12,79.0
2024-11-06,Klaus,2019,https://boxd.it/ipoi,2.5,4.16,96.0
2024-11-06,The King's Speech,2010,https://boxd.it/dX0,3.0,3.79,118.0
2024-11-06,Frozen II,2019,https://boxd.it/aPvo,2.5,3.13,103.0
2024-11-06,Alice in Wonderland,2010,https://boxd.it/1Spq,2.0,3.16,108.0
2024-11-06,Shrek 2,2004,https://boxd.it/29z8,3.0,4.07,92.0
2024-11-06,Superbad,2007,https://boxd.it/20hO,2.5,3.89,113.0
2024-11-06,Legally Blonde,2001,https://boxd.it/1ZNa,3.0,3.8,96.0
2024-11-07,Kiss Kiss Bang Bang,2005,https://boxd.it/23c8,2.5,3.76,103.0
2024-11-07,Rush,2013,https://boxd.it/3lyS,3.5,3.82,123.0
2024-11-08,Austin Powers: International Man of Mystery,1997,https://boxd.it/29y0,3.0,3.41,94.0
2024-11-08,The Sound of Music,1965,https://boxd.it/1MLK,3.0,4.15,174.0
2024-11-08,Austin Powers: The Spy Who Shagged Me,1999,https://boxd.it/29xQ,2.5,3.29,95.0
2024-11-08,Austin Powers in Goldmember,2002,https://boxd.it/29xG,2.5,3.01,94.0
2024-11-08,Birdman or (The Unexpected Virtue of Ignorance),2014,https://boxd.it/5RFA,4.5,4.0,120.0
2024-11-08,Dogma,1999,https://boxd.it/284e,3.5,3.52,130.0
2024-11-12,The Penguin,2024,https://boxd.it/QkIU,4.5,4.47,466.0
2024-11-15,Man of Steel,2013,https://boxd.it/FRk,2.5,3.02,143.0
2024-11-21,Interstate 60,2002,https://boxd.it/1DIs,3.5,3.56,116.0
2024-11-23,Wicked,2024,https://boxd.it/e8ME,2.5,3.99,160.0
2024-11-25,ted,2024,https://boxd.it/KN1y,3.5,3.75,288.0
2024-11-29,"Crouching Tiger, Hidden Dragon",2000,https://boxd.it/2b1M,3.0,4.04,120.0
2024-11-29,Spider-Man 3,2007,https://boxd.it/2a7Y,2.5,3.09,139.0
2024-11-29,Spider-Man 2,2004,https://boxd.it/2a88,3.0,3.9,127.0
2024-11-29,Spider-Man,2002,https://boxd.it/2a8i,2.5,3.78,121.0
2024-12-02,How to Train Your Dragon: The Hidden World,2019,https://boxd.it/5a9w,3.0,3.68,104.0
2024-12-02,Hot Frosty,2024,https://boxd.it/NeBM,2.0,2.01,90.0
2024-12-04,The Lord of the Rings,2003,https://boxd.it/2b5Y,5.0,4.57,
2024-12-04,The Shawshank Redemption,1994,https://boxd.it/2aHi,5.0,4.55,142.0
2024-12-04,The Lord of the Rings: The Two Towers,2002,https://boxd.it/2b5E,5.0,4.39,179.0
2024-12-05,Christmas on Windmill Way,2023,https://boxd.it/HwaC,0.5,1.79,84.0
2024-12-06,The Adam Project,2022,https://boxd.it/q2Dg,3.0,2.93,106.0
2024-12-09,Soul Music,1997,https://boxd.it/MFKO,3.5,3.39,175.0
2024-12-13,Round and Round,2023,https://boxd.it/ILLK,3.5,3.4,84.0
2024-12-16,Accident Man: Hitman's Holiday,2022,https://boxd.it/xb9o,1.5,3.08,96.0
2024-12-19,The Losers,2010,https://boxd.it/1ddo,3.0,2.78,97.0
2024-12-23,Die Hard,1988,https://boxd.it/2a7u,4.5,4.07,132.0
2024-12-31,Glass Onion,2022,https://boxd.it/oCkK,4.5,3.45,140.0
2024-12-31,Gods of Egypt,2016,https://boxd.it/6aje,3.0,1.93,127.0
2025-01-02,A Grand Day Out,1989,https://boxd.it/2acu,4.5,4.11,23.0
2025-01-02,The Wrong Trousers,1993,https://boxd.it/2ack,5.0,4.25,30.0
2025-01-02,A Close Shave,1995,https://boxd.it/2aca,3.5,4.1,30.0
2025-01-02,A Matter of Loaf and Death,2008,https://boxd.it/1O4S,3.5,3.73,30.0
2025-01-02,Wallace & Gromit: The Curse of the Were-Rabbit,2005,https://boxd.it/2ac0,3.5,3.77,85.0
2025-01-02,Wallace & Gromit: Vengeance Most Fowl,2024,https://boxd.it/z14C,3.5,4.03,79.0
2023-07-20,Mission: Impossible – Dead Reckoning Part One,2023,https://boxd.it/l7zS,4.0,3.74,164.0
2021-10-22,The Mitchells vs. The Machines,2021,https://boxd.it/i7xm,2.5,3.88,110.0
2020-08-07,Spider-Man: Far from Home,2019,https://boxd.it/fegG,3.5,3.37,129.0
2020-08-08,The Godfather: Part II,1974,https://boxd.it/2aNq,2.5,4.59,202.0
2021-06-23,Die Hard: With a Vengeance,1995,https://boxd.it/28zG,3.0,3.68,128.0
2022-04-10,"tick, tick...BOOM!",2021,https://boxd.it/jz2e,3.5,3.82,115.0
